id,name,type,count,trigger,cost,effect,restriction,public_information,notes,status
C01,聚灵丹,一次性丹药,1,吐纳灵力后,打出并弃置,你获得2灵力,受储存上限限制,打出后公开,自助,draft
C02,破境丹,一次性丹药,1,揭晓后且你选择修炼,打出并弃置,本轮修炼额外增加1修为,不消耗额外灵力且修为最高9,打出后公开,自助,draft
C03,回气散,一次性丹药,1,你因雷击失去灵力后,打出并弃置,该次雷击结算后获得2灵力,受储存上限限制,打出后公开,防御,draft
C04,清心露,一次性丹药,1,机缘窗口,打出并弃置,选择一名玩家恢复1修为,修为最高9,打出后公开,支援,draft
C05,引雷符,一次性符箓,1,揭晓后且结算抗劫前,打出并弃置,本轮增加2点虚拟抗劫贡献,不产生功德,打出后公开,防御,draft
C06,避雷符,一次性符箓,1,你将承受一次雷击时,打出并弃置,取消这次雷击且视为已承受,每轮机缘牌上限仍适用,打出后公开,防御,draft
C07,补天石,一次性奇物,1,一道裂痕将令总数达到3时,打出并弃置,取消这道裂痕,只能在失败前使用,打出后公开,公共防御,draft
C08,护阵符,一次性符箓,1,揭晓后且结算修台前,打出并弃置,本轮增加2点虚拟修台贡献,不产生功德,打出后公开,支援,draft
C09,缩地诀,一次性秘术,1,揭晓后,打出并弃置,把你本轮行动在修台与抗劫之间转换且投入量不变,不能转换为修炼或探索,打出后公开,自助,draft
C10,归元诀,一次性秘术,1,揭晓后,打出并弃置,从本轮投入取回最多2灵力,不能令已选非探索行动变为0投入,打出后公开,自助,draft
C11,天机简,一次性奇物,1,揭示天劫后,打出并弃置,查看机缘牌库顶3张并以任意顺序放回,不能展示所看牌面,打出后公开,信息,draft
C12,双生莲,一次性灵植,1,机缘窗口,打出并弃置,把你储存区最多2灵力交给一名玩家,不能超过对方储存上限,打出后公开,支援,draft
C13,窃灵手,一次性秘术,1,揭晓后,打出并弃置,从一名储存灵力比你多的玩家处取走1灵力,不能取走本轮已投入灵力,打出后公开,小幅暗算,draft
C14,乱阵钉,一次性暗器,1,揭晓后,打出并弃置,把一名玩家已投入修台的1灵力退回其储存区,目标仍视为执行修台,打出后公开,小幅暗算,draft
C15,借劫符,一次性邪符,1,你将承受一次雷击时,打出并弃置,把该雷击转给一名本轮抗劫投入不高于你的玩家,每次雷击最多被转移一次,打出后公开,小幅暗算,draft
C16,观因镜,一次性奇物,1,机缘窗口,打出并弃置,秘密查看一名玩家的全部手牌,不能查看天命且不得展示牌面,打出后公开,信息,draft
E01,聚灵葫芦,持续法宝,1,吐纳灵力时,装备后持续,若吐纳前你的灵力不超过2则额外获得1灵力,受储存上限限制,装备后公开,自助,draft
E02,玄龟甲,持续法宝,1,每轮第一次承受雷击,装备后持续,该次雷击少损失1灵力,最低损失0但灵力不足规则仍适用,装备后公开,防御,draft
E03,青冥剑,持续法宝,1,选择抗劫且投入至少2灵力,装备后持续,额外产生1点虚拟抗劫贡献,不产生功德,装备后公开,防御,draft
E04,阵纹尺,持续法宝,1,选择修台且投入至少2灵力,装备后持续,额外产生1点虚拟修台贡献,不产生功德,装备后公开,支援,draft
E05,乾坤袋,持续法宝,1,回合结束检查手牌上限时,装备后持续,你的手牌上限改为5,仍只能装备一件法宝,装备后公开,自助,draft
E06,归元珠,持续法宝,1,回合结束时,装备后持续,若你的储存灵力为0则获得1灵力,受储存上限限制,装备后公开,自助,draft
E07,夺灵幡,持续法宝,1,另一名玩家因雷击失去灵力后,装备后持续,你获得1灵力,每轮一次且受储存上限限制,装备后公开,暗算收益,draft
E08,照影镜,持续法宝,1,另一名玩家的机缘牌效果以你为目标并结算后,装备后持续,你获得1灵力,每轮一次且不阻止原效果,装备后公开,防御,draft
C17,灵髓丹,一次性丹药,1,揭晓后且你选择非探索行动,打出并弃置,从储存区向本轮投入增加1灵力,本次投入可以达到4但仍只能执行原行动,打出后公开,爆发,draft
C18,定神丹,一次性丹药,1,你将因雷击失去修为时,打出并弃置,防止这次修为损失且雷击视为已承受,你仍失去当时全部灵力,打出后公开,防御,draft
C19,换骨丹,一次性丹药,1,机缘窗口,打出并弃置且失去1功德,恢复最多2修为,没有功德时不能使用,打出后公开,自助,draft
C20,假死丹,一次性丹药,1,另一名玩家的机缘牌或本命神通以你为目标时,打出并弃置,取消该效果中只针对你的部分,不取消公共效果或目标玩家的行动,打出后公开,反制,draft
C21,同心符,一次性符箓,1,揭晓后,打出并弃置,选择一名与你同为修台或同为抗劫的玩家；该公共行动增加1点虚拟贡献,你与目标必须选择相同公共行动,打出后公开,支援,draft
C22,渡厄符,一次性符箓,1,另一名玩家将承受雷击时,打出并弃置,取消这次雷击且视为已承受,不能对自己使用,打出后公开,支援,draft
C23,藏锋符,一次性符箓,1,有效贡献排序开始前,打出并弃置,本轮你的灵力在对应修台或抗劫排序中最先填入,只影响你当前选择的公共行动,打出后公开,自助,draft
C24,封灵符,一次性符箓,1,揭晓后,打出并弃置,选择一名玩家；其本轮不能在常规机缘窗口主动打牌,仍可使用反应牌和人物神通,打出后公开,小幅暗算,draft
C25,窥天简,一次性奇物,1,揭示本轮天劫后,打出并弃置,秘密查看下一张天劫牌并原样放回,第8轮不能使用,打出后公开,信息,draft
C26,探云尺,一次性奇物,1,你将执行探索时且抽牌前,打出并弃置,本次探索额外抽1张但仍只保留1张,符修使用时共抽4张,打出后公开,探索,draft
C27,燃灵诀,一次性秘术,1,揭晓后且你选择修台或抗劫,打出并弃置且支付1灵力,你所选公共行动增加2点虚拟贡献,不能用于另一项行动且不产生功德,打出后公开,支援,draft
C28,借功诀,一次性秘术,1,抗劫功德结算后且分配雷击前,打出并弃置,把你的1功德交给本轮有有效公共贡献的另一名玩家,你至少要有1功德,打出后公开,交易式支援,draft
C29,逆行诀,一次性秘术,1,揭晓后且你选择修炼,打出并弃置,把本轮行动改为修台或抗劫且投入量不变,不能改为探索,打出后公开,应变,draft
C30,禁宝咒,一次性秘术,1,揭晓后,打出并弃置,选择一名玩家；其法宝文字本轮失效,不弃掉该法宝,打出后公开,小幅暗算,draft
C31,寄雷咒,一次性秘术,1,建立本轮受击顺序前,打出并弃置,只在决定受击顺序时把你的抗劫投入视为增加2,不抵消劫力且不产生功德,打出后公开,自助,draft
C32,牵机索,一次性奇物,1,另一名玩家探索并弃置机缘牌后,打出并弃置且支付2灵力,把其刚弃置的那张牌横置加入你的手牌,新获得的牌本轮不能使用,打出后公开,机缘回收,draft
E09,悟道蒲团,持续法宝,1,你选择修炼且投入至少2灵力,装备后持续,本轮额外增加1修为,修为最高9,装备后公开,修炼,draft
E10,功德碑,持续法宝,1,你本轮在一个公共行动中恰好有3点有效贡献,装备后持续,额外获得1功德,每轮一次且虚拟贡献不计,装备后公开,计分,draft
E11,遁天梭,持续法宝,1,建立受击顺序且比较修为时,装备后持续,只为受击排序把你的修为视为0,不改变真实修为和其他比较,装备后公开,防御,draft
E12,观星盘,持续法宝,1,揭示本轮天劫后,装备后持续,你可以秘密查看下一张天劫牌并原样放回,每轮一次且第8轮无效果,装备后公开,信息,draft
E13,寻宝鼠,持续法宝,1,你完成探索后,装备后持续,获得1灵力,受储存上限限制,装备后公开,探索,draft
E14,镇魂铃,持续法宝,1,你将因雷击失去修为时,装备后持续且弃1张手牌,防止这次修为损失且雷击视为已承受,每轮一次且不能弃掉已装备法宝,装备后公开,防御,draft
E15,山河图,持续法宝,1,装备后,装备后持续,你的灵力储存上限改为8,失去本法宝时立即弃掉超过6的灵力,装备后公开,资源,draft
E16,天罗伞,持续法宝,1,另一名玩家的机缘牌或本命神通以你为目标并结算后,装备后持续,若来源玩家有灵力则其交给你1灵力,每轮一次且不阻止原效果,装备后公开,反制,draft
